id,nombre,apellido,dni,fecha nacimiento
1,Jasper,Cox,16219276,12/07/2018
2,Keith,Davis,26066936,06/07/2018
3,Margaret,Lester,37043653,21/08/2018
4,Jermaine,Contreras,20354330,14/01/2019
5,Cairo,Ayers,42941976,01/12/2018
6,Flynn,Livingston,10405526,10/12/2017
7,Zenia,Haley,37798273,24/11/2017
8,Florence,Keller,15109971,17/01/2019
9,Andrew,Marsh,27095229,01/01/2018
10,Stacy,Richmond,11133520,23/03/2018
11,Wesley,Hayden,44218105,30/12/2018
12,Dane,Barry,42614659,25/12/2018
13,Marsden,Cleveland,22365728,19/11/2018
14,Lareina,Holcomb,28437974,15/06/2018
15,Eaton,Fischer,17774461,13/08/2017
16,Nigel,Lynch,33375611,24/05/2018
17,Helen,Brady,13306247,05/04/2018
18,Harding,Dennis,18181081,09/11/2017
19,Hermione,Oneil,22807855,31/01/2018
20,Azalia,Huff,32515326,20/03/2018
21,Maile,Mclaughlin,47863308,21/04/2019
22,George,Benjamin,23556672,12/10/2017
23,Serena,Hart,49046176,20/11/2018
24,Gail,Clay,8595472,03/03/2019
25,Gregory,Boyer,33024904,28/07/2017
26,Allen,Conley,24996399,25/01/2019
27,Venus,Blankenship,28179285,15/06/2018
28,Latifah,Tillman,49576008,17/11/2018
29,Paul,Long,35412542,24/01/2019
30,Cara,Deleon,20531920,19/07/2018
31,Britanney,Barrett,11051526,14/06/2017
32,Drew,Hancock,13638088,05/10/2018
33,Rogan,Lawson,15297566,20/06/2017
34,Howard,Valentine,19104931,02/09/2018
35,Tucker,Decker,14807071,10/04/2018
36,Mannix,Ross,12137561,09/03/2019
37,Craig,Ewing,46410379,06/10/2018
38,Garrison,Hancock,20063058,25/06/2018
39,Aquila,Perez,35290768,24/01/2018
40,Debra,Lang,7420106,04/05/2018
41,Noelle,Morgan,43951800,16/11/2017
42,Natalie,Nielsen,33086327,11/02/2019
43,Phoebe,Jones,14128162,06/05/2019
44,Xyla,Abbott,48404266,25/11/2018
45,Marny,Farley,43251199,23/08/2017
46,Amela,Mullins,37716835,14/10/2018
47,Lavinia,Hood,10101654,27/05/2018
48,Zachary,Bridges,15261575,16/12/2017
49,Cheryl,Lamb,11407638,21/01/2018
50,Magee,Baxter,26655607,20/11/2017
51,Judith,Harvey,12052261,06/12/2018
52,Buffy,Ruiz,28592444,25/04/2019
53,Lucy,Rich,10093463,02/08/2017
54,Xanthus,Mcmahon,44544223,30/12/2017
55,Melissa,Harrell,43047105,19/02/2019
56,Hamilton,Hernandez,31781899,13/09/2018
57,Calvin,Mann,6693184,30/11/2018
58,Dalton,Gibson,10829102,03/03/2018
59,Xandra,Salas,15746521,29/05/2018
60,Athena,Guy,30871496,16/03/2019
61,Elvis,Sanders,35121140,16/04/2018
62,Oren,Cantrell,47075228,14/11/2017
63,Florence,Rice,9806920,22/12/2017
64,Jasper,Buck,49680177,21/05/2019
65,Darrel,Calhoun,19029047,28/08/2017
66,Shelly,Wheeler,39167070,02/01/2018
67,MacKenzie,Sampson,28585760,30/07/2018
68,Mercedes,Harmon,41551323,19/01/2019
69,Clarke,Mcintosh,10720770,09/05/2018
70,Amela,Knowles,5482756,29/09/2018
71,Isaac,Fisher,26591753,29/01/2018
72,Preston,Johnston,40755508,14/08/2018
73,Karen,Benson,37783605,22/01/2018
74,Deirdre,Valentine,16144569,25/04/2019
75,Kermit,Acevedo,34973361,23/09/2018
76,Tucker,Mullen,26804303,03/04/2018
77,Jessamine,Becker,22817181,11/03/2018
78,Keegan,Bartlett,24952127,15/09/2018
79,Chadwick,Spencer,34754880,20/02/2019
80,Rhonda,Hodge,17631745,26/08/2017
81,Mallory,Munoz,32704253,31/10/2018
82,Stephen,Hamilton,22610704,16/03/2019
83,Blaze,Estes,18218933,11/06/2018
84,Amir,Salas,36854350,23/09/2017
85,Hu,Beach,29631077,19/01/2019
86,Ingrid,Meadows,10168431,11/12/2017
87,Kylynn,Frye,30050173,09/12/2017
88,Vivien,Oliver,37689662,14/01/2019
89,Ivory,Cobb,9072284,24/09/2017
90,Davis,Harris,12587480,07/12/2017
91,Lana,Pope,33094077,29/06/2018
92,Thor,Brewer,8119519,29/09/2017
93,Teagan,Morton,11340483,14/06/2017
94,Quail,Carr,45780899,09/10/2018
95,Tate,Farley,17208969,04/02/2018
96,Coby,Battle,18369602,22/09/2017
97,Irma,Daniels,40820771,09/01/2019
98,Steven,Huber,13801872,05/09/2018
99,Colorado,Downs,24982443,03/03/2019
100,Axel,Bennett,23246789,30/08/2017