1;Jasper;Cox;16219276;2018/7/12
2;Keith;Davis;26066936;2018/7/6
3;Margaret;Lester;37043653;2018/8/21
4;Jermaine;Contreras;20354330;2019/1/14
5;Cairo;Ayers;42941976;2018/12/1
6;Flynn;Livingston;10405526;2017/12/10
7;Zenia;Haley;37798273;2017/11/24
8;Florence;Keller;15109971;2019/1/17
9;Andrew;Marsh;27095229;2018/1/1
10;Stacy;Richmond;11133520;2018/3/23
11;Wesley;Hayden;44218105;2018/12/30
12;Dane;Barry;42614659;2018/12/25
13;Marsden;Cleveland;22365728;2018/11/19
14;Lareina;Holcomb;28437974;2018/6/15
15;Eaton;Fischer;17774461;2017/8/13
16;Nigel;Lynch;33375611;2018/5/24
17;Helen;Brady;13306247;2018/4/5
18;Harding;Dennis;18181081;2017/11/9
19;Hermione;Oneil;22807855;2018/1/31
20;Azalia;Huff;32515326;2018/3/20
21;Maile;Mclaughlin;47863308;2019/4/21
22;George;Benjamin;23556672;2017/10/12
23;Serena;Hart;49046176;2018/11/20
24;Gail;Clay;8595472;2019/3/3
25;Gregory;Boyer;33024904;2017/7/28
26;Allen;Conley;24996399;2019/1/25
27;Venus;Blankenship;28179285;2018/6/15
28;Latifah;Tillman;49576008;2018/11/17
29;Paul;Long;35412542;2019/1/24
30;Cara;Deleon;20531920;2018/7/19
31;Britanney;Barrett;11051526;2017/6/14
32;Drew;Hancock;13638088;2018/10/5
33;Rogan;Lawson;15297566;2017/6/20
34;Howard;Valentine;19104931;2018/9/2
35;Tucker;Decker;14807071;2018/4/10
36;Mannix;Ross;12137561;2019/3/9
37;Craig;Ewing;46410379;2018/10/6
38;Garrison;Hancock;20063058;2018/6/25
39;Aquila;Perez;35290768;2018/1/24
40;Debra;Lang;7420106;2018/5/4
41;Noelle;Morgan;43951800;2017/11/16
42;Natalie;Nielsen;33086327;2019/2/11
43;Phoebe;Jones;14128162;2019/5/6
44;Xyla;Abbott;48404266;2018/11/25
45;Marny;Farley;43251199;2017/8/23
46;Amela;Mullins;37716835;2018/10/14
47;Lavinia;Hood;10101654;2018/5/27
48;Zachary;Bridges;15261575;2017/12/16
49;Cheryl;Lamb;11407638;2018/1/21
50;Magee;Baxter;26655607;2017/11/20
51;Judith;Harvey;12052261;2018/12/6
52;Buffy;Ruiz;28592444;2019/4/25
53;Lucy;Rich;10093463;2017/8/2
54;Xanthus;Mcmahon;44544223;2017/12/30
55;Melissa;Harrell;43047105;2019/2/19
56;Hamilton;Hernandez;31781899;2018/9/13
57;Calvin;Mann;6693184;2018/11/30
58;Dalton;Gibson;10829102;2018/3/3
59;Xandra;Salas;15746521;2018/5/29
60;Athena;Guy;30871496;2019/3/16
61;Elvis;Sanders;35121140;2018/4/16
62;Oren;Cantrell;47075228;2017/11/14
63;Florence;Rice;9806920;2017/12/22
64;Jasper;Buck;49680177;2019/5/21
65;Darrel;Calhoun;19029047;2017/8/28
66;Shelly;Wheeler;39167070;2018/1/2
67;MacKenzie;Sampson;28585760;2018/7/30
68;Mercedes;Harmon;41551323;2019/1/19
69;Clarke;Mcintosh;10720770;2018/5/9
70;Amela;Knowles;5482756;2018/9/29
71;Isaac;Fisher;26591753;2018/1/29
72;Preston;Johnston;40755508;2018/8/14
73;Karen;Benson;37783605;2018/1/22
74;Deirdre;Valentine;16144569;2019/4/25
75;Kermit;Acevedo;34973361;2018/9/23
76;Tucker;Mullen;26804303;2018/4/3
77;Jessamine;Becker;22817181;2018/3/11
78;Keegan;Bartlett;24952127;2018/9/15
79;Chadwick;Spencer;34754880;2019/2/20
80;Rhonda;Hodge;17631745;2017/8/26
81;Mallory;Munoz;32704253;2018/10/31
82;Stephen;Hamilton;22610704;2019/3/16
83;Blaze;Estes;18218933;2018/6/11
84;Amir;Salas;36854350;2017/9/23
85;Hu;Beach;29631077;2019/1/19
86;Ingrid;Meadows;10168431;2017/12/11
87;Kylynn;Frye;30050173;2017/12/9
88;Vivien;Oliver;37689662;2019/1/14
89;Ivory;Cobb;9072284;2017/9/24
90;Davis;Harris;12587480;2017/12/7
91;Lana;Pope;33094077;2018/6/29
92;Thor;Brewer;8119519;2017/9/29
93;Teagan;Morton;11340483;2017/6/14
94;Quail;Carr;45780899;2018/10/9
95;Tate;Farley;17208969;2018/2/4
96;Coby;Battle;18369602;2017/9/22
97;Irma;Daniels;40820771;2019/1/9
98;Steven;Huber;13801872;2018/9/5
99;Colorado;Downs;24982443;2019/3/3
100;Axel;Bennett;23246789;2017/8/30
